Top pages,Clicks,Impressions,CTR,Position
https://rippleroofs.com/,14,499,2.81%,25.28
https://www.rippleroofs.com/services,2,31,6.45%,11.97
https://www.rippleroofs.com/services/roof-replacement,2,28,7.14%,21.29
https://www.rippleroofs.com/blog/winter-roofing-texas-guide,2,17,11.76%,18.41
https://rippleroofs.com/home/,1,69,1.45%,3.65
https://www.rippleroofs.com/blog/roof-replacement-cost-austin-texas-2025,1,65,1.54%,22.72
https://www.rippleroofs.com/services/residential-roofing,1,35,2.86%,5
https://rippleroofs.com/faq/,1,35,2.86%,6.63
https://www.rippleroofs.com/services/roof-maintenance,1,5,20%,15.4
https://www.rippleroofs.com/calculators,1,2,50%,40
https://www.rippleroofs.com/locations/san-marcos,0,232,0%,83.54
https://www.rippleroofs.com/locations/temple,0,183,0%,67.88
https://www.rippleroofs.com/locations/leander,0,159,0%,80.36
https://www.rippleroofs.com/locations/waco,0,139,0%,63.06
https://www.rippleroofs.com/locations/pflugerville,0,72,0%,48.81
https://www.rippleroofs.com/locations/cedar-park,0,66,0%,56.58
https://www.rippleroofs.com/locations/georgetown,0,41,0%,53
https://www.rippleroofs.com/blog/class-4-shingles-insurance-discounts-texas,0,35,0%,14.66
https://www.rippleroofs.com/contact,0,34,0%,24.85
https://www.rippleroofs.com/locations/austin,0,31,0%,21.35
https://www.rippleroofs.com/locations/copperas-cove,0,31,0%,41.58
https://www.rippleroofs.com/blog/roof-insurance-claim-guide-texas,0,30,0%,16.13
https://www.rippleroofs.com/blog/best-roofing-materials-texas-heat,0,29,0%,14.86
https://www.rippleroofs.com/blog/best-roofing-materials-georgetown,0,28,0%,28.07
https://www.rippleroofs.com/blog/metal-vs-shingle-roofing-austin,0,28,0%,31.64
https://www.rippleroofs.com/services/commercial-roofing,0,27,0%,4.48
https://www.rippleroofs.com/services/roof-repairs,0,27,0%,7.11
https://rippleroofs.com/commercial-roofing/,0,27,0%,7.44
https://rippleroofs.com/instant-roof-quote/,0,26,0%,84.81
https://www.rippleroofs.com/services/attic-ventilation,0,22,0%,12.41
https://www.rippleroofs.com/blog/tag/cedar-park,0,22,0%,90.86
https://www.rippleroofs.com/blog/diy-roof-inspection-checklist,0,19,0%,12.16
https://www.rippleroofs.com/services/roof-inspection,0,19,0%,26.42
https://rippleroofs.com/gallery/,0,13,0%,3.69
https://www.rippleroofs.com/services/emergency-services,0,13,0%,3.85
https://www.rippleroofs.com/services/pergolas,0,13,0%,6.46
https://www.rippleroofs.com/blog/georgetown-roofing-guide,0,13,0%,10.23
https://www.rippleroofs.com/locations,0,13,0%,16.62
https://www.rippleroofs.com/blog/solar-panel-roof-requirements-austin,0,13,0%,54.92
https://rippleroofs.com/how-to-navigate-the-roof-insurance-claim-process-smoothly/,0,13,0%,72.54
https://www.rippleroofs.com/resources/roof-inspection-checklist,0,12,0%,36.17
https://www.rippleroofs.com/locations/round-rock,0,11,0%,3.18
https://www.rippleroofs.com/blog/roof-ventilation-guide-texas,0,9,0%,20.78
https://www.rippleroofs.com/blog/emergency-roof-repair-storm,0,9,0%,24.78
https://www.rippleroofs.com/blog/leander-storm-damage-guide,0,9,0%,28.33
https://www.rippleroofs.com/projects,0,9,0%,38.89
https://www.rippleroofs.com/estimate,0,8,0%,13
https://www.rippleroofs.com/blog/tag/round-rock,0,8,0%,14.88
https://www.rippleroofs.com/services/siding-installation,0,8,0%,31
https://www.rippleroofs.com/blog/metal-roofing-san-antonio,0,8,0%,43.12
https://www.rippleroofs.com/blog/tag/roof-tarping,0,7,0%,64.57
https://rippleroofs.com/contact/,0,6,0%,2.83
https://www.rippleroofs.com/services/gutter-installation,0,6,0%,30.17
https://rippleroofs.com/how-to-choose-the-best-roofing-material-for-your-homes-architecture/,0,4,0%,5.75
https://rippleroofs.com/about-2/,0,4,0%,6
https://www.rippleroofs.com/financing,0,4,0%,7
https://www.rippleroofs.com/services/storm-damage-restoration,0,4,0%,9.75
https://rippleroofs.com/roofing-repairs-vs-replacement-when-to-choose-which-option/,0,4,0%,10.5
https://www.rippleroofs.com/blog/roof-replacement-cost-san-antonio,0,4,0%,61.75
https://www.rippleroofs.com/blog,0,3,0%,7
https://www.rippleroofs.com/blog/category/commercial-roofing,0,3,0%,7
https://rippleroofs.com/the-benefits-of-installing-a-new-roof-before-selling-your-home/,0,3,0%,8
https://rippleroofs.com/why-professional-roof-inspections-are-crucial-after-a-storm/,0,3,0%,9.67
https://www.rippleroofs.com/resources/material-comparison-chart,0,3,0%,10.33
https://www.rippleroofs.com/blog/commercial-roofing-central-texas-guide,0,3,0%,11
https://www.rippleroofs.com/blog/spring-hail-season-prep-austin,0,3,0%,12
https://www.rippleroofs.com/blog/category/contractor-selection,0,3,0%,22.67
https://www.rippleroofs.com/blog/tag/roof-repair,0,3,0%,25
https://www.rippleroofs.com/blog/tag/roofing-materials,0,3,0%,27.67
https://www.rippleroofs.com/blog/tag/maintenance-tips,0,3,0%,39.67
https://www.rippleroofs.com/blog/top-5-roofing-problems-austin,0,3,0%,59
https://rippleroofs.com/category/roofing-technology/,0,2,0%,6
https://www.rippleroofs.com/blog/tag/cool-roofs,0,2,0%,11
https://www.rippleroofs.com/blog/tag/hail-damage,0,2,0%,11.5
https://www.rippleroofs.com/blog/best-roofing-materials-round-rock,0,2,0%,13
https://www.rippleroofs.com/blog/top-5-roofing-problems-round-rock,0,2,0%,14.5
https://www.rippleroofs.com/blog/tag/roofing-contractors,0,2,0%,19
https://www.rippleroofs.com/blog/tag/historic-district,0,2,0%,21
https://www.rippleroofs.com/blog/tag/winter-roofing,0,2,0%,22
https://www.rippleroofs.com/blog/tag/tpo-roofing,0,2,0%,23.5
https://www.rippleroofs.com/blog/tag/local-roofing,0,2,0%,31.5
https://www.rippleroofs.com/blog/category/maintenance,0,2,0%,32
https://www.rippleroofs.com/blog/residential-roofing-austin-tx,0,2,0%,33.5
https://www.rippleroofs.com/blog/tag/emergency-repairs,0,2,0%,40
https://www.rippleroofs.com/blog/tag/texas,0,2,0%,43
https://www.rippleroofs.com/blog/tag/austin,0,2,0%,45
https://www.rippleroofs.com/blog/tag/leander,0,2,0%,63
https://www.rippleroofs.com/blog/category/location-guides,0,1,0%,2
https://rippleroofs.com/services/,0,1,0%,4
https://www.rippleroofs.com/blog/category/emergency-repair,0,1,0%,4
https://www.rippleroofs.com/blog/round-rock-roofing-guide,0,1,0%,5
https://www.rippleroofs.com/blog/category/roof-replacement,0,1,0%,6
https://www.rippleroofs.com/blog/cedar-park-neighborhoods-roofing-guide,0,1,0%,6
https://www.rippleroofs.com/blog/category/roofing-materials,0,1,0%,7
https://www.rippleroofs.com/blog/austin-roofing-guide,0,1,0%,9
https://www.rippleroofs.com/blog/decra-roofing-texas,0,1,0%,9
https://www.rippleroofs.com/blog/tag/maintenance,0,1,0%,9
https://www.rippleroofs.com/blog/choosing-roofing-contractor-austin,0,1,0%,11
https://www.rippleroofs.com/blog/tag/investment,0,1,0%,11
https://www.rippleroofs.com/resources/material-comparison-tool,0,1,0%,11
https://www.rippleroofs.com/blog/roof-replacement-vs-repair-guide,0,1,0%,12
https://www.rippleroofs.com/blog/stone-coated-metal-vs-tile-texas,0,1,0%,12
https://www.rippleroofs.com/blog/tag/contractor-scams,0,1,0%,18
https://www.rippleroofs.com/blog/tag/storm-chasers,0,1,0%,26
https://www.rippleroofs.com/blog/tag/roof-requirements,0,1,0%,44
https://www.rippleroofs.com/blog/tag/georgetown,0,1,0%,46
https://www.rippleroofs.com/blog/tag/seasonal,0,1,0%,47
https://www.rippleroofs.com/blog/san-antonio-roof-repair-guide,0,1,0%,58
https://www.rippleroofs.com/blog/tag/flat-roofs,0,1,0%,76
https://www.rippleroofs.com/blog/tag/pflugerville,0,1,0%,97
https://www.rippleroofs.com/blog/tag/emergency-repair,0,1,0%,201